,Customer,Date,Rating,Review Title,Review Body,New Rating
0,VM,2020-06-05,5.0,need replacement,network issue phonecalls get connected restart often make calls amazon kindly arrange replacement ittotally unsatisfied,3
1,sajjad,2020-06-04,1.0,nice,nice lots featuresmanufactred,3
2,gaurav,2020-07-12,1.0,touch working,nt think nice decision purchase product product received touch issue ca nt even pick phone cant unlock phone ca nt even switch phone,1
3,Seri,2020-06-30,5.0,phone good camera sucks,phone good battery excellentits response also commendablehowever camera mark images unrealistic slight zooming clicked images enough reveal flaws something expecting camera,3
4,Bibaswan Banerjee,2020-06-22,1.0,first impression,speed upto mark ram phone expected samsung output sound quality also ordinarycameras front rear click nice pics,1
5,Sourjya Roy,2020-06-15,3.0,recall mobile market,one speaker bottom instead two hear even speaker mike bad people hear accept second sim first installation put second call receive normal call call voice goes low even charging wire quality bad even fast charge mobile,5
6,Mahesh Nivale,2020-06-06,2.0,excellent product excellent delivery service amazon thank much,excellent mobile great camera quality battery backup good touchscreen smooth usually samsung,5
7,Lalit Sharma,2020-07-08,2.0,best phone value money,months facing issues calls due mobile antenna problembetter battery life hrs continues usage callswide angle camera primary camera goodmacro camera best giving detailslittle heavy due monster batteryaudio quality awesome dolby surround optionalmost month using performs good,4
8,Mohit,2020-06-09,5.0,relevant excellent product,basically good product best daily use decent gaming design wrote review personal experience least really loved hope last really longand lags samsung knox features provided samsung totally awesome,5
9,Prashaanth,2020-08-14,5.0,overall good price,performance battery life goodconsin screen fingerprint sensor good recognize multiple attempts quick wellproduct delivery got delay many days due unavailability guy pickup exchange mobile buy exchange,3
10,Shubhangi bhende,2020-07-06,5.0,worst product hanging,browser support video really terrible hanging switch phone also reset shared videos review worst product buy anyone product,5
11,chirag,2020-06-24,3.0,unexpected one samsung india,phone came spectacular features alas come quality within days buying display got ruined screen turned yellow amazon product service team replacement took days replace product means operating days without phone data could backed guarantee use device fix display id logged could anything handover phone simply return sure accountable security misuse data misuse phone,3
12,VM,2020-06-05,5.0,camera cahrging sensor network,camera camera options updated like yr options capture wirh picture blurring zoom settings avalable totally bad charger coming mobile charging mobile takes satand charging gooddisplay display good qualitysensor properly working network lte full volte network bad cost calls browsing simultaniusly cant use using samsung,5
13,sajjad,2020-06-04,1.0,galaxy,series good phone inspite configuration quadcamera getting hotter talk working also hangs call sometimesnot happy ask replacement amazon even return policy duration technical support makes round round querries justificationshope nt go,1
14,Mahee,2020-09-02,1.0,,good smooth,5
15,anuradha singh,2020-09-29,1.0,best far,quad camera beyond expectations proved personal laptop storage better camera videography photography better office biometrics face recognition thumb recognition battery like best far voice clear previous mobilesbut one thing bothered went mobile shop searching screen guard fellow cheated fixed screen guard suitable mobile supplying screen guard along mobile less like person dancing michael jackson tune tying leg backwards,3
16,RANGU MAHESH,2020-07-15,1.0,better expected,phones battery life better promise used phone nearly hours intensively also battery still remaining camera quality also goodbut good gaming dont play much games problem according go didnot experience heating issues fast enough working best phone bought till,1
17,Amazon Customer,2020-07-14,2.0,worth,good buy performance damn slow even mediatek instead go seriesi think problem software well optimised phone hardware configuration fixed tinkering kernal level root hey gon na brand new purchase better use days see return aftwerwardsbattery also major issue nt last long even full day light use goes deaddissappointed,1
18,Sandeep,2020-06-29,5.0,month review,good option price range almost month using device problems facing device heating another lags heating us main problem become extremely hot either watching netflix charging power bank nt know persistent issue day bought comes ram still fast last phone ram camera quality good battery life okayish,5
19,Amazon Customer,2020-09-15,5.0,nt buy,slow done full format full reset still slow wort spend much samsung pay options also camera worst happy,5
20,Malathy ,2020-11-08,5.0,dispute goods sale hare,amazon prime giving disputed prodact samsung else company know well kind disputed product sale amazon printed could mention fingerprint reader battery life screen quality one problems one friend buy product day retail shop problem facing like cake scroll,5
21,Apurv Choudhary,2020-08-01,1.0,make india product brand,prosos goodcamera amazimglooks goodconsprice little bit highercould around bit bulkysometimes slowanyways loving rating side,5
22,Akhand Bhandari,2020-07-21,4.0,samsung review,battery life one thing liked phone get heatedbut texts suddenly go back engaged reading themand worrisome preloaded apps need thank,3
23,Rahul Dongre,2020-07-10,1.0,screen finger working,screen finger working even changed another one,3
24,VM,2020-06-05,5.0,great phone,good phone battery life really great quite happy purchaseand camera amazing galaxy sport large typical battery geometric design glossy finish make awesome inside outside choose prism crush black prism crush white prism crush blue,5
25,sajjad,2020-06-04,1.0,camera quality bad,build quality look perfect easy handle despite much bigger screen camera quality awful looking best camera well nt go phone,1
26,Amazon Customer,2020-09-10,1.0,looks like premium,best mobile,3
27,Nilesh Choubey,2020-08-14,5.0,recommended,poor quality product samsungfingerprint reader face recognition rarely works within month use keypad hanging every,5
28,Shama Bhat T.R,2020-08-11,3.0,good,microphone working month,5
29,Sudhakar,2020-08-13,1.0,poor performance,overall quality poor within one month fingerprint sensor issues already quite slow begin poor camera quality poor touch worth money battery life good charger bad takes hours full charge,5
30,Ayushi vashisht,2020-09-03,5.0,update camera videos,phone overall good performance also good lacking sound quality camera department camera nt take good picture low light areas evening options capture slow motion time lapes videos hope software update samsung gets done,5
31,ABHISHEK CHILLARGE ,2020-08-22,2.0,respect money bad deal,finger senser working intermittent causing late response every activity volte services denied airtel video call possiblephone get heated connected smart view tv,3
32,senthamizh s.,2020-06-27,5.0,must buy,good phone,5
33,Rupal Singh,2020-10-15,1.0,heating issue worst processor,nt buy product heating issue must cost product worth due worst processor macro camera working properly,5
34,Amit Kumar Ghosh,2020-06-22,1.0,worst products,processor slow camera quality bad battery get easily exhausted normal use expensive price ranges,5
35,Amazon Customer,2020-08-27,1.0,worst phone samsung,worst phone range purchased months ago company claiming heavy duty battery drainage high apart processor slow result hanging dont go samsung range redmi realme good,3
36,VM,2020-06-05,5.0,useless worthless product,useless defective mobile ever bought amazontouch dont work properlymobile charging defectivedisplay dont work properly,5
37,sajjad,2020-06-04,1.0,good performance,overall good phone knox security feature parental rights restrict kids,4
38,Amazon Customer,2020-08-16,3.0,nice mobile near rs,battery camera best also best display networkas per gb ram much faster quite enoughoverall processing good per price range looking best phone near one good options,5
39,Nivi,2020-07-26,1.0,good phone good confiugration,pricing bit higher side secondly speaker give bottom phone,3
40,sushil jain,2020-06-23,5.0,functionality poor,upto mark opposed type one day usage said storage full ca nt download ny media mobile hotspot default condition working screen shot button workingthese problem faced day uselater dontbkkow many come,5
41,JAGAN,2020-08-14,1.0,rich except feeble call volume,like posh comfortable lot featuresdislike poor volume phone struggle hear side wonder samsung nt check,1
42,Divyanshu Srivastava,2020-11-17,1.0,heating hanging issue,nothing like phoneit never expected brand like samsung phone started heating phone screen freezes cant make call emergencydon waste money phonebetter go brands,1
43,Satyendra Kumar Jha,2021-01-22,4.0,indians looking non chinese phone segment must buy samsung galaxy,samsung galaxy value money camera quality fabulous look warmth phone awesome handy extremely userfriendly looking non chinese brand good phone choice,5
44,Sugat Bhalshankar,2021-01-15,1.0,bad option gamers,except games like pubg phone goodtouch smooth,3
45,Digvijay Singh,2020-11-22,5.0,samsung,overall quality device value money spend features less advance compared old samsung lcd display quality also low compared good camera quality slowmotion hyper motion available,5
46,Dayanand Nimbalkar,2020-08-16,4.0,good,onscreen fingerprint little slowface recognition need fastersad missing slow motion videoperformance bestbattery satisfied comes one full day charger length shortbest phone,5
47,Deepak Mehta,2020-08-03,4.0,best budget phone,review month happy product reduced rps launch appreciated overall battery backup performance screen brightness good far good,4
48,VM,2020-06-05,5.0,takes hours full charge gets heats quickly,taking prolong time get full charge takes hours charge rest takes another hours full chargebattery gets quickly phone heats quicklyneed register complain service center,4
49,sajjad,2020-06-04,1.0,absolutely unreliable product,started giving trouble within two months purchase six months later stopped working camera bad quality unrealistic colours,1
50,moumita,2020-08-18,2.0,worth,great phone non chinese product value money,3
51,Dharmalingam Pavadaisamy,2020-07-31,4.0,replacement glassware,complaint dislike display glass broken long line mishandling complaint please give directions early possible faithfully ksvelayudhan,4
52,dinakrishna,2020-12-10,1.0,awasome mobile great range,amoled screen awesome qualitygood camera decent quite speakerssamsung pay edge screen quite handy usefulbest part ensembled manufactured india,1
53,GAURAV,2020-08-16,5.0,please stop frequent updates samsung personal apps useless percent users,good product samsung software updates daily annoying bought father novice android phones become morning routine update phone daily updates notifications,4
54,Ramprasad k,2020-07-03,3.0,phone defective,ring tone working speaker functioning spite sending repair samsung service center phone repaired need replacement,4
55,Nailesh L.,2020-09-04,4.0,,great battery days fingerprint quick screen response good,5
56,Yathin C P,2020-10-20,4.0,good phone camera good expected,giving star less camera rest phone good work camera clarity,4
57,DILEEP THANKACHAN,2020-07-05,5.0,worst phone ever,purchased phone months back one plus screen got damaged samsung phone really worth buying performance slow biometric quality poor pls nt buy phone,5
58,Amazon Customer,2021-03-12,1.0,review samsung,average phone full charge battery holds day necessitating charging everyday typing space messenger short consumes lot area,3
59,Ashok Mohindra,2021-03-09,1.0,good phone,good phone issue battery life charged reached using google play store software update camera ok processer performance ok overall phone performance good,5
60,VM,2020-06-05,5.0,phone working,swipe unlock working remains still phone working hence need exchange phone immediately,3
61,sajjad,2020-06-04,1.0,waste money,phone working properly getting hanged frequently,1
62,S B Kulkarni,2020-09-04,5.0,like samsung,good phone,5
63,Amazon Customer,2021-03-10,5.0,nice product,excellent product,5
64,Nirav D.,2020-10-14,5.0,great phone overpriced,excellent phone loaded features sleek premium phone little overprice great camera wonderful display loving every bit wish got,5
65,sagar,2020-11-16,4.0,received front camera damaged,received phone front camera damagednot happy experience purchase,4
66,Rajiv Mahesh,2020-12-25,1.0,satisfied,get expected,3
67,parmar bipin,2020-08-23,5.0,buy undoubtedly,finger print reader working receive pouch screen guard along phone whereas provided hir offline buying,5
68,Anjum,2021-03-17,4.0,good product,good product,5
69,Chetana,2020-08-22,1.0,worst experience,getting charged using month,5
70,SUDHEERBABU,2020-08-29,4.0,nice phone,good product,5
71,Shashi kant,2020-07-04,4.0,nice,nice,5
72,VM,2020-06-05,5.0,budget mobile go,awesome mobile display finger print specs good according price buy,5
73,sajjad,2020-06-04,1.0,battery utter flop camera good,writing review days usage waste battery waste camera performance also good prefer buy electrics amazon,3
74,Amrita Sur,2020-07-22,1.0,samsung galaxy defective,amazon delivered defective item phone mic working,1
75,Lijo,2020-09-18,1.0,solid,pretty decent price payinggreat battery life amazing screen quality,5
76,PRASHANTH KUMAR M R,2020-06-10,5.0,good,good,5
77,Anonomous,2021-03-04,5.0,nice phone,using samsung really nice new experience phone battery backup good watch movie whole day charging,5
78,Amazon Customer,2020-09-03,4.0,samsung,ok case receving signal poor compared mobile phones like real mi vivo,5
79,MANOJ K.,2020-10-30,1.0,excellent phone,excellent device got best camera top performances good battery backup else want life,5
80,Ravi Yadav,2020-10-14,1.0,excellent,good product great service,5
81,Kiranmai,2020-08-22,4.0,finger print,finger print working properlyvery poor,3
82,Amazon Customer,2020-11-07,5.0,,really enjoy nice experience phone features phone great condition thanks samsung,5
83,galaxy,2020-10-15,1.0,love product,nice producttotally liked itcamera quality awesomebattery life also goodjust loved productworth money,3
84,VM,2020-06-05,5.0,worth money,battery life last whole day camera performance also good supportted assecories also worthy,3
85,sajjad,2020-06-04,1.0,cost emi provided,purchased item cost emi hdfc credit card emi option activatedgiven,1
86,Vinod Paul M V,2020-08-19,4.0,good mobile middle range good features,good mobile looks good camera great speed inbuilt display fingerprint like,4
87,Vinayak bondre,2020-06-23,5.0,sensor poor,fingers sensor face reading sensor poor even every second time open drawning patterns,5
88,PAVAN,2021-03-20,4.0,amazing device,amazing devicehappy buy itscreen quality battery life performance upto mark,4
89,Dinesh Kumar s,2021-02-08,1.0,samsung,nice samsung,5
90,RAHUL CHAUDHARY,2020-07-18,1.0,software,phone working properlysoftware updated service centreadvise return phone,3
91,ronak,2020-08-14,5.0,ok ok,think better,3
92,Biswajit Bhowmik,2021-04-19,5.0,need urgent help,july phone gone blank starting dead within less month delivery purchase,4
93,ajay Tomer,2020-07-05,5.0,nice awesome phone favorite manufacturer,good look stable configuration light wieght,5
94,Poreddy,2020-07-18,5.0,finger scanning,finger scanning working properlyinternet speed shows require install another app,5
95,Mahendra Paranjpe,2020-10-13,5.0,great,phone voice volume less,5
96,VM,2020-06-05,5.0,slow,honestly worst smartphone ever use,5
97,sajjad,2020-06-04,1.0,original review,call goes hold touching ear irritating persisting problem idiotic size like long baton dont buy,1
98,pk,2020-07-30,5.0,marvelous,looks like premium,5
99,amarnathreddy markala,2020-07-31,2.0,phone legging much,fingerprints working properly battery also giving average performance,5
100,Praveen B,2020-09-04,5.0,review,camera level battery good performance also good,3
101,Bibhuprasad Das,2020-07-10,5.0,,like,5
102,Nisarg ,2020-08-14,5.0,battery,excellent battery life charging phone two days half hour,5
103,KP Singh,2021-02-16,3.0,worst rear camera,picture quality rear camera much poor even,5
104,binder,2020-08-16,5.0,good descent phone,descent phone samsumg really good battery backup even handy use,5
105,Vipin rawat,2020-07-25,2.0,ok,ok,5
106,syed rafi,2020-09-06,5.0,product good,battery life good warmthit good,5
107,Amazon Customer,2020-07-19,5.0,nice,good phone,5
108,VM,2020-06-05,5.0,best phone,super phone battery fast charging good,5
109,sajjad,2020-06-04,1.0,screen,screen performance gooddisplay damaged,3
110,RAMESH K.,2021-03-25,3.0,thames samsung,battery good pictures quality good,5
111,Deepak,2020-06-18,3.0,nice one,good product samsung,5
112,Amazon Customer,2020-07-18,1.0,worst,worst,5
113,ranjeet jha,2020-07-01,5.0,value money,fully satisfied good product made india,5
114,Amazon Customer,2020-08-18,1.0,good,like everything,5
115,MANOHAR MIRYALA,2020-08-10,2.0,awesome phone,super performance,5
116,Shaon Bera,2020-10-06,1.0,fantastic,good look wise performance,3
117,sanjeev kumar,2020-07-20,2.0,best battery life,like battery camera quality phone,5
118,indeevar joshi,2020-08-14,4.0,excellent,battery life good charge phone alternate days,5
119,aman j.,2020-11-02,1.0,good one price,smooth use good picture quality vivid colors,5
120,VM,2020-06-05,5.0,bestest,perfect one,5
121,sajjad,2020-06-04,1.0,amazon marketplace late response,browser support video value,3
122,Anil kumar,2020-08-08,4.0,good mobile,mobile phone okay value money,5
123,Arvind kumar shukla,2021-04-30,5.0,sim issue,sim working properly give solution,3
124,Shiva Jyothi,2020-08-14,4.0,worthful product,nice phone good battery back,5
125,Atreya Chakraborty,2020-07-06,1.0,secure folder excellent battery life,personnel use,5
126,Abhishek,2020-07-18,4.0,best smartphone,good camera,5
127,Amazon Customer,2020-08-19,5.0,samsung best,good buy,5
128,ganga Singh,2020-08-03,5.0,fast charger working,fast charger working nicely,3
129,Rahul,2020-06-28,5.0,superb,super quality mobile super long cover battery,5
130,adiveppa,2020-08-14,5.0,awesome,awesome quality nice phonethanks samsung,5
131,Vamsi,2020-09-03,2.0,free use,good product,5
132,VM,2020-06-05,5.0,love phone awsome battery awesome camera,best product price catagory,5
133,sajjad,2020-06-04,1.0,samsunga,good value money phone,5
134,Amazon Customer,2020-08-01,4.0,good,good,5
135,Sumit,2020-07-28,5.0,good,good,5
136,neha,2020-07-21,1.0,biometric working properly,battery life average,3
137,Amazon Customer,2020-08-16,5.0,average,average phone price,5
138,nikhil mankar,2020-09-07,5.0,value money,good mobile,5
139,sharma jaymeen,2020-10-17,5.0,elegent purchase,awesome value money,5
140,P S JANGIR,2020-08-25,5.0,one best phone ever use,feature phone value money,5
141,Ashwani Kumar,2020-09-04,4.0,samsung,camera awesomefingerprint,5
142,Nishu Bharaj,2020-08-01,5.0,good,battery backup good value money,5
143,Dr. Swati Pawar,2020-09-03,5.0,excellent,everything excellent,5
144,VM,2020-06-05,5.0,amazing,good product samsung,4
145,sajjad,2020-06-04,1.0,money worthy,good product,3
146,Aman,2020-08-23,5.0,,worth price nt buy phone,5
147,RAJU HOSOORU,2020-09-21,2.0,great deal,good product,3
148,Amazon Customer,2020-08-01,4.0,mobile performance,mobile performance good,4
149,virendra yadav,2020-08-17,5.0,good buy,good phone,5
150,saurabh mathur,2020-07-09,5.0,better nord,great phone better nord,5
151,Nandkumar Padmakar Pande,2021-02-21,5.0,product good delivery service bad,product good delivery service bad,5
152,Azad khan,2021-04-10,5.0,like samsung products like,picture clarity tuch sensitivity,3
153,Arunkumar,2021-03-22,4.0,loved,nicee,5
154,PRADIP KUMAR SINGH,2020-07-24,3.0,waste product,waste product working finger print,5
155,Balamurugan,2020-10-12,5.0,ok,bad hanging problem little,5
156,VM,2020-06-05,5.0,good quality,good product,5
157,sajjad,2020-06-04,1.0,display,osm products samsung,3
158,KEDARESH.SS,2020-07-11,5.0,good reliable model battery nice,photo quality amazing satisfied,5
159,Arijit ghosal,2020-08-14,4.0,performance,good performance,5
160,DEEP PATEL,2021-01-30,5.0,screen scanner pathetic,make software user freindly,5
161,Abhishek,2020-09-19,5.0,go,good choice lucky thank amazon,5
162,Sundeep,2020-08-27,5.0,good better,good better,5
163,Amazon Customer,2021-02-11,5.0,avg performance,month lagging,5
164,Vijay Rathour,2020-07-26,3.0,awesome,awesome,5
165,Piyushsinh Solanki,2021-03-18,3.0,good one,good one speeker volume low,5
166,Nishanth B,2020-07-17,5.0,compare money good,waste money service bad,5
167,VINOD KUMAR RANA,2020-08-06,4.0,best thing,battery life goodd,4
168,VM,2020-06-05,5.0,best,good battery life worth money,5
169,sajjad,2020-06-04,1.0,improved quality,smooth running,3
170,Shirish Dattatraya Dharap,2020-07-06,5.0,awesome,awesome,5
171,Minakshi yadav,2020-09-04,5.0,justify cost,value money,3
172,BHABISH THAKUR,2020-08-14,5.0,response important customers,loved,1
173,Lakshman kumar,2020-08-01,5.0,excellent,size large,5
174,Dr. Yashvi Pandey,2020-08-23,5.0,samsung reviews,worth purchase,3
175,Chandra s.,2020-09-28,5.0,awesome,beautiful,5
176,Kanak sharma,2020-07-26,1.0,battery,battery life good,5
177,AASNA,2020-08-01,5.0,product quantity,good product,5
178,Amazon Customer,2021-02-01,1.0,good,good,5
179,prince p,2021-04-07,5.0,nice,nice,5
180,VM,2020-06-05,5.0,best quality,good,5
181,sajjad,2020-06-04,1.0,bad,everything dislike,5
182,Nikhil S.,2020-09-15,5.0,perfect,everything perfect,5
183,mani j,2021-01-01,4.0,nice,best mobile,5
184,Sanjay Khandalkar,2020-08-16,5.0,good mobile price,nice mobile,5
185,Rinchen gurung,2020-08-21,4.0,nice phone,nice phone,5
186,Naveen,2020-07-18,1.0,good,working good,5
187,HANUMANTHA RAO,2020-09-03,4.0,worth money,good working well,3
188,Meet,2020-09-02,5.0,good,good,5
189,Saurabh,2020-09-03,5.0,good product,nice,5
190,Jay,2020-09-03,4.0,awesome phone,nice mobile,5
191,Robert J.,2020-08-16,4.0,good,good mobile,5
192,VM,2020-06-05,5.0,good,good,5
193,sajjad,2020-06-04,1.0,must try,good one,3
194,Nitesh,2020-12-12,2.0,thnx,happy,5
195,Sayantan Banerjee,2020-07-06,5.0,may want,value money,5
196,Rakhi,2021-02-09,4.0,satisfied performance,phone problem touch screen,2
197,Vigesh Vijayan,2020-09-03,3.0,worth,bad,3
198,Amazon Customer,2020-08-16,4.0,nice phone,nice,5
199,marimuthu,2020-06-15,3.0,best one,good normal use,5
200,Manoj Gautam,2020-11-28,1.0,defective,camera problem,3
201,sushma,2020-09-03,5.0,ok,ok phone,5
202,Supriya,2020-07-20,5.0,osm,super,5
203,Amazon Customer,2020-09-15,5.0,better chinese phone like vivo oppo,good battery life,5
204,VM,2020-06-05,5.0,excellent service,aparna shete,5
205,sajjad,2020-06-04,1.0,super,samsung,3
206,Rajdeep Chatterjee,2020-09-07,5.0,complaints,worth price,5
207,Jai,2020-08-17,5.0,good,good product,5
208,Kaustubh,2020-11-29,5.0,nice,good product,5
209,MAQBUL AHMAD BAROTE,2020-07-08,5.0,go,nice,5
210,Bilal Khan,2020-09-03,1.0,best phone,best phone,5
211,Wasimkhan Shabaskhan pathan,2020-08-13,4.0,good,good use,5
212,Amazon Customer,2020-08-16,5.0,ok phone,alright,5
213,Amazon Customer,2020-09-06,5.0,good quality,best phone,5
214,Ashis Swain,2021-03-05,4.0,good,good phone,5
215,Dileep,2020-11-28,5.0,ok,na,5
216,VM,2020-06-05,5.0,nice,nice one,5
217,sajjad,2020-06-04,1.0,,,5
218,Ganji.venkatesh,2021-01-21,4.0,good phone,liked phone,3
219,Pandurang V B Patil,2020-11-15,2.0,heating,battery overheating charging,5
220,Kumud Lakra,2020-07-26,5.0,fine,average,5
221,mohit patel,2021-02-13,5.0,product,good product,5
222,Amazon Customer,2020-08-01,4.0,love,super,5
223,Anil Kumar,2021-01-29,5.0,satisfied,good,5
224,srinivasan,2021-03-19,4.0,overall good,good,5
225,Senthamilkumar,2020-07-06,5.0,good,fine,5
226,Manas Goswami,2020-09-22,5.0,clarity picture,good,5
227,savit,2020-09-03,5.0,awesome,good,5
228,VM,2020-06-05,5.0,good,good,5
229,sajjad,2020-06-04,1.0,good,nice,5
230,Sharvan kumar,2020-09-11,5.0,value money,awesome,5
231,nanda ballabh joshi,2020-08-01,5.0,worth money,amazing,3
232,Pradeep,2020-12-10,5.0,excellent craftsmanship,excellent product quality,5
233,pooja,2020-10-08,5.0,nice,nice phone offered samsung,5
234,Anwar,2020-07-28,5.0,happily say proudly purchased indian,want indian model made indiaonly one phone available range best less performance power smooth best poor display figure scanner charge time high,5
235,B Vishnu Kiran,2020-08-07,5.0,budget flagship,good camera feels lite excellent product,5
236,Sathyanarayana,2020-07-11,4.0,genuine review,purchased samsung online storemy review help customers valuate productreview based weeks usagebattery device comes mahpower stands one day usage internetcharger wit takes long full chargegood battery back chargecamera proit okay samsung mid range deviceprocessor idea snap dragon vs samsung processori nt find issues multitaskingscreen smooth butter vedio resolutions goodfinally good commercial usersvast storage enough features,3
237,Gobinath,2021-02-26,4.0,read first,first phone say basic phone like samsung provides budgetswith less power build gaming specially people confuse gaming phone phone really good daily work likewatching movies good resolution amoled displaysocial networking worksgood interface screen quality amoled camera pretty much better ui providesoverall pretty good phone buy happily,4
238,Ravindra H Lia,2020-08-20,5.0,worth money,writing months use phone slowed quiet bit already slow processor media tek exynos usually clear ram frequently maximum free ram apps would phone bulky gives feeling holding cheap phone fingerprint scanner slow wait seconds scan finger aligned perfectly work years old iphone better fingerprint scanner created hype mah battery last longer old phone mah lasts oneplus camera ok video recording display good overall phone worth money spend apps take seconds load painfully slow want decently fast phone something consider face recognition fast slow ok geekbench score single core multi core,1
239,Chidghana,2020-07-26,5.0,excellent camera display,smartphone,5
240,VM,2020-06-05,5.0,range bad product,battery backup bad camera quality also gud,5
241,sajjad,2020-06-04,1.0,product amazon service,old ph exchange samsung new ph delivery agent rejected ph though dent screen ph ph working issue delivery agent pointing small line visible inside screen inspite telling conditions matching hence least give exchange value per features unfortunately delivery agent refused take old ph suggested supervisor raise issue amazon service assured try delivery surprise could see refund issued ph without even taking concern cancellation seems meaning talking amazon agent ultimately individuals time money get wasted never expected always tell others amazon least professionalism compared flipkart services onwards rethink,3
242,Sunil,2020-09-03,1.0,worth,honest review busy person nt use phone often want long lasting phone would recommend thisthe camera good according priceat times lags lotand especially play games often gamer would say lags lot playing get fps maxand playing hours huge frame dropso would never enjoy playing games phonethere many phones better performance cheaperthese honest reviews,1
243,TARUNOJU SRINIVASAKUMAR,2020-09-15,3.0,nt fool,nt buy samsung phone nt work one month charging alongwith heating issue phone deadmotherboard gone faultycoustmer care keep mobile two weeks replace motherboard need money back samsungmobile samsungindia ndtv geekyranjit trakintech technicalguruji go brand atleast snapdragon helio processor,4
244,Eshwar ,2020-08-08,5.0,fully satisfied nt blindly trust amazon online ck price physical product,fully satisfied please nt blindly trust amazon online seller buying possible ck price physical product camera quality good take time saving pictures gb ram average gb also average multi data transfer bit good get high end phone mono audio battery good also good played call duty perfoem well played minutes,3
245,anirudh,2020-08-14,5.0,samsung sucks,slow motion camera features phone,5
246,Aparna S.,2020-07-06,5.0,great value money durable phone,using galaxy good six months nowpros great battery life camera quality fingerprint reader decent face issues sometimes unlocking moist hands overall good daily driver durable phone use back case phone fingerprint magnet definitely use gorilla glass screencons processor bit old nowadays use phone normal daily phone gaming phone,5
247,Prudhvi Maccha,2021-01-12,5.0,camera good go another phone looking performance,well phone great camera awesome battery superb screen great thing bothers processor processor weak compared phone price range even cheaper great phone speed price drop unsatisfactory purchased looked amazon thought whats difference looked,5
248,Susan ,2020-07-21,4.0,stop buying mobile,poor lowlight camera performancefingerprint sensor iffyprocessor goodi buy one sumsung mobile disappointed started hanging take lots time chargingvery poor quality price rangerequest everyone please buy mobile becoming heating everytime cannoy talk minutes purchased week july charging phone conversation video call connect zoom use minutes please stop buying product customer please belive feedbacl worthless mobile stop buying mobile,2
249,ABHILASH NARAYANAN,2021-02-07,5.0,great money,super phone value money samsung great deal phone like mutch,5
250,Rajesh,2021-02-24,5.0,go,recommend phone charge little gaming one half hour normal usage like insta whatsapp etc last one day nice battery good unlock secure like mo fake features phone like scale counter etc like experience good build better chinese phones sure perform well years also play pubg till hd settings august hd phonescreen like hdr redmi chinese brands phones,5
251,ABHISEK MISHRA,2020-09-02,5.0,want multimedia phone casual gaming go,bought phone honest bit overpriced k would fine screen battery camera great highlights phone camera performance good clicks good quality shots perfect dynamic range colors issue camera lacks basic features like slomo timelapse even phones give days comes performance many people criticise phone would like tell honest user experience normal usage issue multitasking small video editing casual gaming work perfectly fine without lags played call duty medium settings worked fine playing hours phone becomes bit hot,5
252,VM,2020-06-05,5.0,go supper laggy poor processor,frank happy processor performance giving price much lag lags even typing messages times make annoying disappointed getting time much cheaper thought one expensive much better verson samsung wish change get value phone samsung keep removing phones every month value phones keep falling st time life feeling disappointed samsung phone purchase honest suggestion please go far better phone one even cheaper better value money wish taken thanks,5
253,sajjad,2020-06-04,1.0,battery backup fingerprint reader,love smartphone willing buy mobile earlier indian want buy indian mobile good samsung improved battery life much mobile mah battery gets discharge hours continuous use online classes mobile mah battery gets discharge hours continuous use omg face problem fingerprint reader many times nt recognize fingerprint put finger would recognize liked mobilenice keep,2
254,Mohammed Nisar,2020-07-10,5.0,donot buy samsung worst phone ever,samsung waste money bought last month additional insured ask market sell product hear u ca nt believe value rs onemonthold phone brand value phone also worst smartphone gaming plz nt waste money go vivo oppo mi real,5
255,Nagendran,2021-04-08,4.0,overall samsung upto mark,browser support video purchased samsung reliance digital brookfield mal august days issues like mobile getting heat fast charge happening take hour charge batery charge hours without using game internet visited reliance times samsung customers care times use rectify issues replace refund alsoi wrongly choose samsung good service samsung worth money happy,4
256,rahat ali shaikh,2020-09-03,3.0,nothing like,overrrrrrpricedddd,5
257,Atishay jain,2020-10-12,5.0,poor quality,bad quality mobile samsung hardware quality mobile compromised takes years long mobile fully chargedyou get lot good mobiles range dont waste money crap even year old redmi working better,5
258,abhishek,2020-08-17,5.0,please nt buy bad mobile ever buy,despite battery nothing good mobile bought mobile yesterday camera mentioned near mega pixels samsung cheating money earphones old model ca nt fit ear bad quality nt time explain details nt go mobile,3
259,Sripal Singh,2021-02-23,3.0,much less,bought genuine samsung store nt faced one problem phone people bought might phone good good u need u want kind situation phone gets heat continued usage cools fast performance good play call duty everyday hrs almost handles lag photo quality good great like iphone kind good workable,5
260,Sam Munde,2020-08-25,5.0,nt buy phone,worst phone ever usedwell battery good features r garbages good gaming camera ahhu know cheap phonethe biometric fingerprint nt always even ur finger cleanguys u better buy series samsung another brand swear u regret buying phone,5
261,Bhagyaisari,2021-03-29,1.0,great phone value money,good phone works well battery lasts whole day performance also good overall worth buying smartphone,5
262,Charu jain,2020-07-06,5.0,heating issuesvery much critical dangerous,facing device heating issues realized literally burned ears inside consistent problem last three months however tried precautions finally writing hope could request replacement device get impeccable four month bought amazon,5
263,Kasa Sampath,2020-08-29,3.0,best budget phone,best phone casual useit featured slightly slow many processes run simultaneously disappointing overall performance absolutely great build quality also wonderful battery charging fast compare devices plus point,4
264,VM,2020-06-05,5.0,must mobile great features,slim usual great camera samsung long battery life lasts hours despite continued use lockdown touch sensitivity good need retype missed letter command value money,5
265,sajjad,2020-06-04,1.0,nt purchase,highly disappointed purchasing quality poor ca nt detect background slow motion night mode option cameranot worth money,3
266,Ram,2021-01-08,4.0,samsung could manage multitasking specially case game booster batter,battery life awesomewarmth heating use monthperformance good faced lagging playing continues hours play high graphics game heating unitvalue money give due lagging hours,4
267,Sushant Hota,2020-07-29,4.0,exchange froud extra charge,cheap services exchanges prosses vivo mobile change delivery agent told extra charge exchange phone phone phone warrants also last daysi complained action onei also prime members service anysooo cheap,4
268,Sivakumar,2020-07-19,3.0,pathetic performance device nt buy,nt buy pathetic device bought samsung series mobile series performance bought father also nt liked mobiles performance better go brand model dont waste hard earned money device,4
269,luna sarkar,2020-08-16,5.0,nt bay,india class phone nt bay badyno class phoneno qualityfaltu phonenot goodcamera vga,3
270,Shilpa Sharma,2021-04-07,5.0,camera good slide move touch unlock really bad,unlock touch good hardly unlock phone onscreen touch camera good overall bad experience even slowmotion feature providing good feature compare pricedo nt buy phone better go series,5
271,PRASANNAKUMAR V,2020-10-21,5.0,samsung best low quality oppo mi readme vivo experienced,using samsung ph first time belive oppo mi useless front samsung nt buy low quality mi oppogo durable actual pixel best feature samsung cheap chinese mobile,5
272,KOMMAREDDY JOSEPH,2021-03-23,5.0,pathetic processor ca nt imagine processor like windows xp older,old amazonsamsung user rarely write reviews pathetic performance brought hereoverheating issue heating era phone worst gb ram still take loads time restartoverexpensivethis phone deserve range,5
273,srinivasarao,2020-09-04,5.0,excellent product compared phones price range,great product bought present parents batter life really good compared phones price range screen quality good well smooth browsing user experience great recommend product,5
274,divakar,2021-04-13,4.0,value money,value money phone boring fingerprint sensor work per mood camera good recording slow motion video feature night mode beauty samsung last least oxygen os awesome,4
275,shivaraj,2020-07-11,5.0,worth buying,awesome display great battery life,3
276,VM,2020-06-05,5.0,monts usage,issues fingerprint scanner screen recorder camera quality recommended gaming takes hours full charge even box fast charger battery drains fast,5
277,sajjad,2020-06-04,1.0,worst phone please nt buy,please buy phoneu ca nt make video callsu ca nt record slow mo videosworst phone bought life,3
278,Hemant H.,2020-07-31,5.0,average product,disappointed phone overpriced sure disappointed see slow motion video specs says otherwise,3
279,Jhanvi Vashisht,2020-07-02,5.0,recommended samsung,bought sumsung mobile disappointed started hanging takes lot time charging battery life goodvery poor quality price range,5
280,Sreejith C Kollam,2020-06-26,5.0,good quality product,quick service good quality product attractive fast working long lasting charge good fingerprint battery life facerecognitionrecommended,5
281,kousik singha,2020-06-04,4.0,good,good product,5
282,ARIHANT KOTHARI,2020-06-28,3.0,mark,resolution goodbattery life wonderfulcamera goodsometimes hanging,5
283,BALAJI,2020-06-04,5.0,samsung,value moneyexcellent product reasonable price comparison latest available market go,5
284,GOWTHAMNAREN,2020-06-30,5.0,first day got dead,worst phone ever purchased retaile store first day brought home got dead worst samsung experience,5
285,Omkar kale,2020-06-29,4.0,dont buy,camera features nt slowmo video hyper lapseimage stabilitypaying worth get camera features brands price rangepls wake samsung buy,5
286,Ravi Kumar,2020-10-21,1.0,samsung worth buying,writing review used mobile weekbattery great mark camera high us satisfactory works faster redmi,1
287,Saurabh Pratap Singh,2020-06-04,5.0,disappointed camera performance,camera nt performing per expectation main camera taking pictures camera,3
288,VM,2020-06-05,5.0,waste money,iam buy phone slow motion video finger printing problem face unlock problem video phone waste money please nt take mobile,3
289,sajjad,2020-06-04,1.0,samsung galaxy,feel premium quality design build quality camera quality also superb fingerprint sensor little bit slow phone good,3
290,Tarun Singh,2020-06-12,1.0,mobile worth money,special options videos timelaps night effect back camera compared cheap mobiles many special optionsvery unsatisfied,2
291,Parijat,2021-04-09,1.0,great phone samsung,great mid range budget phone battery life great charge every days samoled display fantastic,5
292,Amazon Customer,2020-08-14,3.0,awesome,start using exactly daysthis awsome phone samsungbattery insanecamera excellenta series best samsung brand,5
293,desh deepak maurya,2020-08-10,1.0,waste money,waste moneycamera bad qualityfingerpring slow ca nt play pubgheating problem also pls nt buy,1
294,Kissna,2020-07-02,3.0,good design bad camera worst fingerprint reader,good design bad camera worst fingerprint reader many better options available market even samsung price range,4
295,Nitesh,2020-06-09,1.0,great nonchinese phone,great phone fit needs months usage nt faced issues got fresh updates great fixes,5
296,Rishikesh G,2020-12-29,5.0,,sometime prosser working otherwise much good happy,5
297,Roshinibala Kongbrailatpam,2021-02-05,4.0,worse phone,hi one worse phones samsung bought phone hours back already phone started hanging buy phone,5
298,Pradip,2020-08-25,1.0,chalega daudega nahi,fault value money,3
299,Keshava U,2020-06-05,5.0,nice phone range,superb phone samsung one compare thisamazing picture quality perfomancebest battery backup segment,5
300,VM,2020-06-05,5.0,buy mobile,cheaper quality poor processer,5
301,sajjad,2020-06-04,1.0,useful large internal storage,month since using mobile battery comes one half day even though using ìnternet,3
302,Punita Rani,2020-08-07,5.0,worst camera,worst camera grainy pictures video stabilizer,5
303,Rajesh Ranjan,2020-11-26,5.0,good phone,really good product using month sometimes battery heats charging complaints,5
304,Joel,2020-08-16,2.0,satisfied,mobile hanging slow apps turnoff suddenly please look sell buy finally feel unnecessary buy,5
305,Lav Kumar,2020-09-09,4.0,phone awesome,daily use good camera also good,5
306,Navdeep,2020-07-25,1.0,nice except sound,awesome except sound quality disappointed speaker sound otherwise nice phone aspects,3
307,Amazon Customer,2020-09-05,1.0,wifi issues,many issues wifi need restart phone every connect internet either wifi mobile data,3
308,Faizan,2020-06-09,2.0,good phone,love phone medium pricefeatures good specially camera well good,5
309,Het Shah,2020-07-28,1.0,good phone samsung,battery goodfinger print reader slow sometimesscreen quality goodbetter phone priceslim good,5
310,PARINITA SINGH,2020-07-30,1.0,value money,phone good buy value money,5
311,Akhil,2021-04-22,4.0,samsung worst brand,worst phone totally unsatisfied please nt switch samsung hangs alot processor os slow thank bye,4
312,VM,2020-06-05,5.0,osam,osam mobile velue money best onelove semsungbahut hi bhadiya shandareverything okgood qulity,3
313,sajjad,2020-06-04,1.0,important know,like much camera performance outstanding camera shoots better mp camera realme vivo,5
314,Kilio,2020-11-15,1.0,excellent back cam,excellent back cam really loved pictures features like smart select face recognition lock amazing good one,3
315,GAUTAM SINHA,2020-09-04,5.0,dislike,money waste buy buy camera good heats buy pubg lags,5
316,Suresh M.,2021-01-11,1.0,awesome phone,excellent phone battery life good quick fingerprint reader awesome screen quality best phone market range,5
317,Bhargav Acharya,2020-10-14,4.0,slow charge,battery life slow charge taking hoursavrage mobile good charger good irritating hang bad experiance,4
318,Amazon Customer,2020-10-14,5.0,h,everything nice complain shall recommend youthank nice daysamsung galaxy,5
319,Ananias m sangma,2020-09-28,1.0,hanging phone,time hanging issue recommended mid users device working fast pay,5
320,bhargav,2020-08-16,4.0,good,good product price good cameranice security good battery nice storage worth money,5
321,Rakesh,2020-08-01,1.0,best phone,best phone alltime user samsung best phone overall ever bought always looking,3
322,Gaurav sharma,2021-03-04,1.0,check database,getting mail item returned already plz check ur database complete process,3
323,Amazon Customer,2021-03-05,1.0,processor worst slow phone,processor worst much slow u restart mobile takes almost minutes run smoothly bad experience,5
324,VM,2020-06-05,5.0,star rating,finger print option good battery backup normal speaker sound low phone star rating,3
325,sajjad,2020-06-04,1.0,great phone heating issue,dhasu phone,3
326,Pankaj Patel,2020-08-13,1.0,worst purchase,please nt buy product fingerprint scanner working correctly display problem one month,5
327,Amul,2021-02-03,5.0,nice,memory good,5
328,Ram,2020-07-13,1.0,charging problem,stisfied phone camera quality god charging problm hour complete charge,3
329,Abhishek Kumar,2020-08-19,5.0,yes overall phone good,fingerprint reader good battery life good charger morning u use days,5
330,Akshay Bhamare,2020-07-24,5.0,waste money,working every time time working waste money compare lots mobile devices available,3
331,Jiteshkumar,2020-06-10,5.0,awesome,awesome phonegood respondit high power backupgood r e p n phone,5
332,Nikky,2020-10-17,2.0,charger,charger take time hours would suggest w charger given,5
333,Abhishek Mishra,2020-07-04,1.0,like,like,5
334,Amazon Customer,2020-06-12,3.0,good,screen broken scratch body condition good,5
335,MANISH KUMAR,2020-08-06,1.0,budget,battery life good budget phoneafter month use markvery disappointed,5
336,VM,2020-06-05,5.0,satisfied model,camera quality good smooth processor without hanging battery backup also good,5
337,sajjad,2020-06-04,1.0,wastage money,camera quality poor heating issue slow charging pls dont purchage phone,3
338,Dr.Abid Bashir,2020-11-25,5.0,good,good phone nice cool everything good going best roughly user,5
339,ankit ,2020-06-28,5.0,good,dislik,5
340,M zeeshan Hyeder,2020-06-23,3.0,using smooth attractive icons,good product good feature,3
341,Jk,2020-08-16,5.0,love samsung,like itand love,3
342,Amazon Customer,2020-07-10,1.0,finger sensor nt work properly,finger sensor nt work properly,3
343,Ashutosh Dubey,2020-07-23,3.0,awesome,value money features,5
344,yogesh,2021-02-12,5.0,lun phone,lun phone,5
345,Sushil Nayak,2020-08-23,3.0,star,perfect phone aspects,5
346,srinath goskula,2020-08-03,1.0,,camera quality bad,5
347,Vishal singh,2020-10-18,5.0,good product,good,5
348,VM,2020-06-05,5.0,available slow motion,available slow motion,5
349,sajjad,2020-06-04,1.0,good product samsung,poor value money,5
350,Kalpana,2020-08-31,1.0,cemra low quality,cemra low quality,3
351,Albin Mathew,2020-07-30,4.0,manufacturing diffect mobile exchange policy,flop mobile star,4
352,vamsi varma,2020-09-18,5.0,samsung brand,good,5
353,Vikash Thakur,2020-08-11,1.0,go,value money,5
354,Pankaj Pimpare,2021-03-13,3.0,good products,good,5
355,Peter,2020-08-16,5.0,awesome mobile,nice mobile,5
356,SRIDAM d.,2020-06-24,5.0,,good one,5
357,kawaldeep,2020-08-08,1.0,awesome,loved,3
358,Pratik,2020-07-03,3.0,mobile,like,5
359,Ajay chandra ,2020-10-12,5.0,star,nice,5
360,VM,2020-06-05,5.0,nice,yes,5
361,sajjad,2020-06-04,1.0,bad,bad,5
362,tarsem,2020-07-29,1.0,good,good,5
363,Amazon Customer,2020-08-01,5.0,okay type,okay type finger print sensor working previous phone far better press finger multiple times unlock camera good happy finger print sensoramazon delivery quick got,3
364,RE,2020-08-31,1.0,basic expectations fulfilled,using phone past months facing issues suchfinger print sensor able read finger multiple times typing password manually phone hanging initially happened happening twice week even using multiple applications nt heavy applications downloadedthis happened whenever logging application phone allowing record screen basic feature see random android phone samsung nt screen recording option,1
365,Customer,2020-09-18,5.0,excellent phone samsung,got phone dad seems best phone samsung price range buy series spotted could resist initial assumption phone would heavy weight light weight planning buy vivo oppo guess best replacement terms priceavoid made china phones much possibletouch response good see lag comes cover inside also issue see quality earphones comes along personally liked,5
366,Ashok sajjana,2020-09-09,1.0,overall useful daily routine works,mobile many useful features looking price reasonable battery life good reasonable price good warmth,4
367,Mithu Basu,2020-06-28,4.0,samsung,good cell phone superd quad camera crystal clear photos great sound wonderful reception thus made india product,5
368,Amazon Customer,2020-07-11,4.0,nice phone amoled screen good battery backup,switched samsung years experience lenovo xiomi worries data security amoled screen really awesome good battery backup,5
369,nithin,2021-04-16,1.0,tampered product delivered,new product delivered tampered delivering quality checks done prior delivery disappointed way online deliveries happening,1
370,Ajit Maurya,2020-11-22,4.0,amazing,marvelous product never see product worthy buy features excellent,4
371,Anto sunil,2020-10-04,4.0,samsung galaxy,fingerprint reader fast,3
372,VM,2020-06-05,5.0,product review,good product,5
373,sajjad,2020-06-04,1.0,nt buy,cheap please nt waste money,3
374,Prince,2020-08-16,5.0,best,good battery life,5
375,Himanshu Baluni,2021-04-25,1.0,excellant,excellant loved phone battery back,3
376,Anant revar,2021-04-14,5.0,amazed,good phone samsung one word feedback amazing phone bought amazon,5
377,Jai H.,2021-03-26,5.0,perfect mobile budget,nice battery life perfect big screen movies,5
378,Pandava Swetha,2020-10-12,5.0,good,good battery life,5
379,Satvik,2020-08-21,2.0,value money,good overall,5
